{"cameraMode":{"drawMode":0,"name":"Shaded","section":"Shading Mode"},"sceneLighting":false,"audioPlay":false,"sceneViewState":{"m_AlwaysRefresh":false,"showFog":true,"showSkybox":false,"showFlares":true,"showImageEffects":true,"showParticleSystems":true,"showVisualEffectGraphs":true,"m_FxEnabled":true},"in2DMode":false,"pivot":{"x":0.46204742789268496,"y":0.2039661854505539,"z":1.4312684535980225},"rotation":{"x":-0.12073616683483124,"y":0.4981408417224884,"z":-0.07080625742673874,"w":-0.8559567332267761},"size":2.0312652587890627,"orthographic":false}