{"cameraMode":{"drawMode":0,"name":"Shaded","section":"Shading Mode"},"sceneLighting":false,"audioPlay":false,"sceneViewState":{"m_AlwaysRefresh":false,"showFog":true,"showSkybox":false,"showFlares":true,"showImageEffects":true,"showParticleSystems":true,"showVisualEffectGraphs":true,"m_FxEnabled":true},"in2DMode":false,"pivot":{"x":0.027536073699593545,"y":0.9862514734268189,"z":-0.005123138427734375},"rotation":{"x":-0.18142814934253694,"y":0.0004967181594111025,"z":-0.000741486088372767,"w":-0.9836269021034241},"size":2.4503061771392824,"orthographic":false}