{"cameraMode":{"drawMode":0,"name":"Shaded","section":"Shading Mode"},"sceneLighting":false,"audioPlay":false,"sceneViewState":{"m_AlwaysRefresh":false,"showFog":true,"showSkybox":false,"showFlares":true,"showImageEffects":true,"showParticleSystems":true,"showVisualEffectGraphs":true,"m_FxEnabled":true},"in2DMode":false,"pivot":{"x":-0.19239211082458497,"y":2.3351500034332277,"z":24.673879623413087},"rotation":{"x":0.011971206404268742,"y":-0.9871819615364075,"z":0.08998342603445053,"w":0.13136796653270722},"size":4.358899116516113,"orthographic":false}